AI,FeatureDefinition,1,FeatureDefinitionID,int,4,10,0,0
AI,FeatureDefinition,2,FeatureCode,varchar,80,0,0,0
AI,FeatureDefinition,3,FeatureName,nvarchar,400,0,0,0
AI,FeatureDefinition,4,FeatureDescription,nvarchar,2000,0,0,0
AI,FeatureDefinition,5,DataType,varchar,30,0,0,0
AI,FeatureDefinition,6,SourceSchema,varchar,50,0,0,0
AI,FeatureDefinition,7,SourceTable,varchar,128,0,0,0
AI,FeatureDefinition,8,SourceColumn,varchar,128,0,0,1
AI,FeatureDefinition,9,TransformationLogic,nvarchar,-1,0,0,1
AI,FeatureDefinition,10,FeatureCategory,varchar,40,0,0,0
AI,FeatureDefinition,11,ContainsPHI,bit,1,1,0,0
AI,FeatureDefinition,12,IsSensitive,bit,1,1,0,0
AI,FeatureDefinition,13,IsActive,bit,1,1,0,0
AI,FeatureDefinition,14,CreatedDateUTC,datetime2,7,23,3,0
AI,FeatureDefinition,15,ModifiedDateUTC,datetime2,7,23,3,0
AI,Model,1,ModelID,int,4,10,0,0
AI,Model,2,ModelCode,varchar,40,0,0,0
AI,Model,3,ModelName,nvarchar,400,0,0,0
AI,Model,4,ModelDescription,nvarchar,2000,0,0,1
AI,Model,5,ModelType,varchar,40,0,0,0
AI,Model,6,ClinicalUseCase,varchar,100,0,0,0
AI,Model,7,ProblemType,varchar,30,0,0,0
AI,Model,8,OwnerProviderID,int,4,10,0,1
AI,Model,9,OwningHospitalID,int,4,10,0,1
AI,Model,10,ModelStatus,varchar,20,0,0,0
AI,Model,11,RiskLevel,varchar,20,0,0,0
AI,Model,12,IsRegulated,bit,1,1,0,0
AI,Model,13,RepositoryURL,nvarchar,1000,0,0,1
AI,Model,14,DocumentationURL,nvarchar,1000,0,0,1
AI,Model,15,IsActive,bit,1,1,0,0
AI,Model,16,CreatedDateUTC,datetime2,7,23,3,0
AI,Model,17,ModifiedDateUTC,datetime2,7,23,3,0
AI,ModelFeature,1,ModelFeatureID,int,4,10,0,0
AI,ModelFeature,2,ModelVersionID,int,4,10,0,0
AI,ModelFeature,3,FeatureDefinitionID,int,4,10,0,0
AI,ModelFeature,4,FeatureRole,varchar,20,0,0,0
AI,ModelFeature,5,FeatureOrder,int,4,10,0,1
AI,ModelFeature,6,IsRequired,bit,1,1,0,0
AI,ModelFeature,7,DefaultValue,nvarchar,1000,0,0,1
AI,ModelFeature,8,CreatedDateUTC,datetime2,7,23,3,0
AI,ModelMonitoringEvent,1,ModelMonitoringEventID,bigint,8,19,0,0
AI,ModelMonitoringEvent,2,ModelVersionID,int,4,10,0,0
AI,ModelMonitoringEvent,3,EventDateTimeUTC,datetime2,7,23,3,0
AI,ModelMonitoringEvent,4,EventType,varchar,40,0,0,0
AI,ModelMonitoringEvent,5,Severity,varchar,15,0,0,0
AI,ModelMonitoringEvent,6,MetricName,varchar,50,0,0,1
AI,ModelMonitoringEvent,7,ObservedValue,decimal,9,19,8,1
AI,ModelMonitoringEvent,8,ExpectedMinimum,decimal,9,19,8,1
AI,ModelMonitoringEvent,9,ExpectedMaximum,decimal,9,19,8,1
AI,ModelMonitoringEvent,10,PopulationSegment,nvarchar,400,0,0,1
AI,ModelMonitoringEvent,11,EventDescription,nvarchar,4000,0,0,0
AI,ModelMonitoringEvent,12,ResolutionStatus,varchar,20,0,0,0
AI,ModelMonitoringEvent,13,ResolvedByProviderID,int,4,10,0,1
AI,ModelMonitoringEvent,14,ResolvedDateTimeUTC,datetime2,7,23,3,1
AI,ModelMonitoringEvent,15,ResolutionNotes,nvarchar,4000,0,0,1
AI,ModelMonitoringEvent,16,CreatedDateUTC,datetime2,7,23,3,0
AI,ModelMonitoringEvent,17,ModifiedDateUTC,datetime2,7,23,3,0
AI,ModelPerformanceMetric,1,ModelPerformanceMetricID,bigint,8,19,0,0
AI,ModelPerformanceMetric,2,ModelVersionID,int,4,10,0,0
AI,ModelPerformanceMetric,3,MetricName,varchar,50,0,0,0
AI,ModelPerformanceMetric,4,MetricDescription,nvarchar,1000,0,0,1
AI,ModelPerformanceMetric,5,MetricValue,decimal,9,19,8,0
AI,ModelPerformanceMetric,6,EvaluationDataset,varchar,50,0,0,0
AI,ModelPerformanceMetric,7,EvaluationStartDate,date,3,10,0,1
AI,ModelPerformanceMetric,8,EvaluationEndDate,date,3,10,0,1
AI,ModelPerformanceMetric,9,PatientPopulationSegment,nvarchar,400,0,0,1
AI,ModelPerformanceMetric,10,ThresholdValue,decimal,5,9,8,1
AI,ModelPerformanceMetric,11,SampleSize,bigint,8,19,0,1
AI,ModelPerformanceMetric,12,CalculatedDateTimeUTC,datetime2,7,23,3,0
AI,ModelPerformanceMetric,13,CreatedDateUTC,datetime2,7,23,3,0
AI,ModelVersion,1,ModelVersionID,int,4,10,0,0
AI,ModelVersion,2,ModelID,int,4,10,0,0
AI,ModelVersion,3,VersionNumber,varchar,30,0,0,0
AI,ModelVersion,4,AlgorithmName,nvarchar,200,0,0,0
AI,ModelVersion,5,FrameworkName,varchar,50,0,0,1
AI,ModelVersion,6,FrameworkVersion,varchar,30,0,0,1
AI,ModelVersion,7,TrainingDataStartDate,date,3,10,0,1
AI,ModelVersion,8,TrainingDataEndDate,date,3,10,0,1
AI,ModelVersion,9,TrainingRecordCount,bigint,8,19,0,1
AI,ModelVersion,10,FeatureCount,int,4,10,0,1
AI,ModelVersion,11,HyperparametersJSON,nvarchar,-1,0,0,1
AI,ModelVersion,12,ArtifactURI,nvarchar,2000,0,0,1
AI,ModelVersion,13,ModelHash,varchar,128,0,0,1
AI,ModelVersion,14,ApprovalStatus,varchar,20,0,0,0
AI,ModelVersion,15,ApprovedByProviderID,int,4,10,0,1
AI,ModelVersion,16,ApprovedDateTimeUTC,datetime2,7,23,3,1
AI,ModelVersion,17,EffectiveStartDateTimeUTC,datetime2,7,23,3,1
AI,ModelVersion,18,EffectiveEndDateTimeUTC,datetime2,7,23,3,1
AI,ModelVersion,19,CreatedDateUTC,datetime2,7,23,3,0
AI,Prediction,1,PredictionID,bigint,8,19,0,0
AI,Prediction,2,ModelVersionID,int,4,10,0,0
AI,Prediction,3,PatientID,int,4,10,0,0
AI,Prediction,4,EncounterID,int,4,10,0,1
AI,Prediction,5,PredictionDateTimeUTC,datetime2,7,23,3,0
AI,Prediction,6,PredictionType,varchar,40,0,0,0
AI,Prediction,7,PredictedClass,nvarchar,200,0,0,1
AI,Prediction,8,PredictedValue,decimal,9,19,6,1
AI,Prediction,9,ProbabilityScore,decimal,5,9,8,1
AI,Prediction,10,RiskScore,decimal,5,9,6,1
AI,Prediction,11,ThresholdUsed,decimal,5,9,8,1
AI,Prediction,12,PredictionStatus,varchar,20,0,0,0
AI,Prediction,13,InputSnapshotJSON,nvarchar,-1,0,0,1
AI,Prediction,14,ExplanationJSON,nvarchar,-1,0,0,1
AI,Prediction,15,CorrelationID,uniqueidentifier,16,0,0,0
AI,Prediction,16,CreatedDateUTC,datetime2,7,23,3,0
AI,PredictionOutcome,1,PredictionOutcomeID,bigint,8,19,0,0
AI,PredictionOutcome,2,PredictionID,bigint,8,19,0,0
AI,PredictionOutcome,3,OutcomeType,varchar,40,0,0,0
AI,PredictionOutcome,4,ActualClass,nvarchar,200,0,0,1
AI,PredictionOutcome,5,ActualValue,decimal,9,19,6,1
AI,PredictionOutcome,6,OutcomeDateTimeUTC,datetime2,7,23,3,0
AI,PredictionOutcome,7,OutcomeSource,varchar,50,0,0,0
AI,PredictionOutcome,8,IsFinalOutcome,bit,1,1,0,0
AI,PredictionOutcome,9,VerifiedByProviderID,int,4,10,0,1
AI,PredictionOutcome,10,VerifiedDateTimeUTC,datetime2,7,23,3,1
AI,PredictionOutcome,11,Notes,nvarchar,2000,0,0,1
AI,PredictionOutcome,12,CreatedDateUTC,datetime2,7,23,3,0
AI,PredictionOutcome,13,ModifiedDateUTC,datetime2,7,23,3,0
Billing,AccountBalanceHistory,1,AccountBalanceHistoryID,int,4,10,0,0
Billing,AccountBalanceHistory,2,PatientAccountID,int,4,10,0,0
Billing,AccountBalanceHistory,3,PatientID,int,4,10,0,0
Billing,AccountBalanceHistory,4,SnapshotDate,date,3,10,0,0
Billing,AccountBalanceHistory,5,CurrentBalance,decimal,9,18,2,0
Billing,AccountBalanceHistory,6,Balance0To30Days,decimal,9,18,2,0
Billing,AccountBalanceHistory,7,Balance31To60Days,decimal,9,18,2,0
Billing,AccountBalanceHistory,8,Balance61To90Days,decimal,9,18,2,0
Billing,AccountBalanceHistory,9,Balance91To120Days,decimal,9,18,2,0
Billing,AccountBalanceHistory,10,BalanceOver120Days,decimal,9,18,2,0
Billing,AccountBalanceHistory,11,InsurancePendingAmount,decimal,9,18,2,0
Billing,AccountBalanceHistory,12,PatientResponsibilityAmount,decimal,9,18,2,0
Billing,AccountBalanceHistory,13,CollectionsAmount,decimal,9,18,2,0
Billing,AccountBalanceHistory,14,CreatedDateUTC,datetime2,7,23,3,0
Billing,Adjustment,1,AdjustmentID,int,4,10,0,0
Billing,Adjustment,2,AdjustmentNumber,varchar,40,0,0,0
Billing,Adjustment,3,InvoiceID,int,4,10,0,0
Billing,Adjustment,4,InvoiceLineID,int,4,10,0,1
Billing,Adjustment,5,ClaimID,int,4,10,0,1
Billing,Adjustment,6,AdjustmentDateTimeUTC,datetime2,7,23,3,0
Billing,Adjustment,7,AdjustmentType,varchar,15,0,0,0
Billing,Adjustment,8,AdjustmentReasonCode,varchar,20,0,0,0
Billing,Adjustment,9,AdjustmentDescription,nvarchar,1000,0,0,1
Billing,Adjustment,10,AdjustmentAmount,decimal,9,18,2,0
Billing,Adjustment,11,ApprovedByProviderID,int,4,10,0,1
Billing,Adjustment,12,AdjustmentStatus,varchar,15,0,0,0
Billing,Adjustment,13,CreatedDateUTC,datetime2,7,23,3,0
Billing,Adjustment,14,ModifiedDateUTC,datetime2,7,23,3,0
Billing,Invoice,1,InvoiceID,int,4,10,0,0
Billing,Invoice,2,InvoiceNumber,varchar,40,0,0,0
Billing,Invoice,3,PatientAccountID,int,4,10,0,0
Billing,Invoice,4,PatientID,int,4,10,0,0
Billing,Invoice,5,EncounterID,int,4,10,0,1
Billing,Invoice,6,ClaimID,int,4,10,0,1
Billing,Invoice,7,InvoiceDate,date,3,10,0,0
Billing,Invoice,8,DueDate,date,3,10,0,1
Billing,Invoice,9,InvoiceStatus,varchar,20,0,0,0
Billing,Invoice,10,StatementCycle,varchar,20,0,0,0
Billing,Invoice,11,OriginalInvoiceID,int,4,10,0,1
Billing,Invoice,12,CreatedDateUTC,datetime2,7,23,3,0
Billing,Invoice,13,ModifiedDateUTC,datetime2,7,23,3,0
Billing,InvoiceLine,1,InvoiceLineID,int,4,10,0,0
Billing,InvoiceLine,2,InvoiceID,int,4,10,0,0
Billing,InvoiceLine,3,LineNumber,int,4,10,0,0
Billing,InvoiceLine,4,ClaimLineID,int,4,10,0,1
Billing,InvoiceLine,5,EncounterID,int,4,10,0,1
Billing,InvoiceLine,6,ServiceDate,date,3,10,0,1
Billing,InvoiceLine,7,LineType,varchar,15,0,0,0
Billing,InvoiceLine,8,Description,nvarchar,1000,0,0,1
Billing,InvoiceLine,9,ProcedureCode,varchar,20,0,0,1
Billing,InvoiceLine,10,Quantity,decimal,9,12,3,0
Billing,InvoiceLine,11,UnitAmount,decimal,9,18,2,0
Billing,InvoiceLine,12,LineAmount,decimal,9,18,2,0
Billing,InvoiceLine,13,CreatedDateUTC,datetime2,7,23,3,0
Billing,InvoiceLine,14,ModifiedDateUTC,datetime2,7,23,3,0
Billing,PatientAccount,1,PatientAccountID,int,4,10,0,0
Billing,PatientAccount,2,AccountNumber,varchar,30,0,0,0
Billing,PatientAccount,3,PatientID,int,4,10,0,0
Billing,PatientAccount,4,AccountStatus,varchar,15,0,0,0
Billing,PatientAccount,5,BillingPreference,varchar,15,0,0,0
Billing,PatientAccount,6,PreferredCommunicationMethod,varchar,15,0,0,0
Billing,PatientAccount,7,IsFinancialAssistanceEligible,bit,1,1,0,0
Billing,PatientAccount,8,IsActive,bit,1,1,0,0
Billing,PatientAccount,9,CreatedDateUTC,datetime2,7,23,3,0
Billing,PatientAccount,10,ModifiedDateUTC,datetime2,7,23,3,0
Billing,Payment,1,PaymentID,int,4,10,0,0
Billing,Payment,2,PaymentNumber,varchar,40,0,0,0
Billing,Payment,3,PatientAccountID,int,4,10,0,0
Billing,Payment,4,PatientID,int,4,10,0,0
Billing,Payment,5,PayerID,int,4,10,0,1
Billing,Payment,6,PaymentDateTimeUTC,datetime2,7,23,3,0
Billing,Payment,7,PaymentAmount,decimal,9,18,2,0
Billing,Payment,8,PaymentSource,varchar,15,0,0,0
Billing,Payment,9,PaymentMethod,varchar,20,0,0,0
Billing,Payment,10,PaymentStatus,varchar,15,0,0,0
Billing,Payment,11,TransactionReference,varchar,100,0,0,1
Billing,Payment,12,CheckNumber,varchar,30,0,0,1
Billing,Payment,13,Notes,nvarchar,2000,0,0,1
Billing,Payment,14,CreatedDateUTC,datetime2,7,23,3,0
Billing,Payment,15,ModifiedDateUTC,datetime2,7,23,3,0
Billing,PaymentAllocation,1,PaymentAllocationID,int,4,10,0,0
Billing,PaymentAllocation,2,PaymentID,int,4,10,0,0
Billing,PaymentAllocation,3,InvoiceID,int,4,10,0,0
Billing,PaymentAllocation,4,AllocationSequenceNumber,int,4,10,0,0
Billing,PaymentAllocation,5,AllocatedAmount,decimal,9,18,2,0
Billing,PaymentAllocation,6,AllocationDateTimeUTC,datetime2,7,23,3,0
Billing,PaymentAllocation,7,AllocationStatus,varchar,15,0,0,0
Billing,PaymentAllocation,8,ReversalReason,nvarchar,1000,0,0,1
Billing,PaymentAllocation,9,CreatedDateUTC,datetime2,7,23,3,0
Billing,PaymentAllocation,10,ModifiedDateUTC,datetime2,7,23,3,0
Billing,Refund,1,RefundID,int,4,10,0,0
Billing,Refund,2,RefundNumber,varchar,40,0,0,0
Billing,Refund,3,PaymentID,int,4,10,0,0
Billing,Refund,4,PatientAccountID,int,4,10,0,0
Billing,Refund,5,PatientID,int,4,10,0,0
Billing,Refund,6,RefundDateTimeUTC,datetime2,7,23,3,0
Billing,Refund,7,RefundAmount,decimal,9,18,2,0
Billing,Refund,8,RefundMethod,varchar,20,0,0,0
Billing,Refund,9,RefundStatus,varchar,15,0,0,0
Billing,Refund,10,Reason,nvarchar,1000,0,0,0
Billing,Refund,11,TransactionReference,varchar,100,0,0,1
Billing,Refund,12,ApprovedByProviderID,int,4,10,0,1
Billing,Refund,13,CreatedDateUTC,datetime2,7,23,3,0
Billing,Refund,14,ModifiedDateUTC,datetime2,7,23,3,0
Clinical,Diagnosis,1,DiagnosisID,int,4,10,0,0
Clinical,Diagnosis,2,EncounterID,int,4,10,0,0
Clinical,Diagnosis,3,PatientID,int,4,10,0,0
Clinical,Diagnosis,4,DiagnosisCode,varchar,20,0,0,0
Clinical,Diagnosis,5,DiagnosisCodeSystem,varchar,20,0,0,0
Clinical,Diagnosis,6,DiagnosisDescription,nvarchar,1000,0,0,1
Clinical,Diagnosis,7,DiagnosisType,varchar,20,0,0,0
Clinical,Diagnosis,8,DiagnosisDateUTC,datetime2,7,23,3,1
Clinical,Diagnosis,9,PresentOnAdmission,char,1,0,0,1
Clinical,Diagnosis,10,IsPrimary,bit,1,1,0,0
Clinical,Diagnosis,11,CreatedDateUTC,datetime2,7,23,3,0
Clinical,Diagnosis,12,ModifiedDateUTC,datetime2,7,23,3,0
Clinical,Encounter,1,EncounterID,int,4,10,0,0
Clinical,Encounter,2,PatientID,int,4,10,0,0
Clinical,Encounter,3,HospitalID,int,4,10,0,0
Clinical,Encounter,4,LocationID,int,4,10,0,1
Clinical,Encounter,5,DepartmentID,int,4,10,0,1
Clinical,Encounter,6,ProviderID,int,4,10,0,1
Clinical,Encounter,7,EncounterNumber,varchar,30,0,0,0
Clinical,Encounter,8,EncounterType,varchar,30,0,0,0
Clinical,Encounter,9,EncounterStatus,varchar,30,0,0,0
Clinical,Encounter,10,AdmissionDateTimeUTC,datetime2,7,23,3,1
Clinical,Encounter,11,DischargeDateTimeUTC,datetime2,7,23,3,1
Clinical,Encounter,12,ReasonForVisit,nvarchar,1000,0,0,1
Clinical,Encounter,13,Disposition,varchar,50,0,0,1
Clinical,Encounter,14,IsTelehealth,bit,1,1,0,0
Clinical,Encounter,15,CreatedDateUTC,datetime2,7,23,3,0
Clinical,Encounter,16,ModifiedDateUTC,datetime2,7,23,3,0
Clinical,Medication,1,MedicationID,int,4,10,0,0
Clinical,Medication,2,MedicationCode,varchar,30,0,0,0
Clinical,Medication,3,MedicationName,nvarchar,400,0,0,0
Clinical,Medication,4,GenericName,nvarchar,400,0,0,1
Clinical,Medication,5,BrandName,nvarchar,400,0,0,1
Clinical,Medication,6,DrugClass,nvarchar,200,0,0,1
Clinical,Medication,7,Strength,nvarchar,100,0,0,1
Clinical,Medication,8,DosageForm,nvarchar,100,0,0,1
Clinical,Medication,9,Manufacturer,nvarchar,300,0,0,1
Clinical,Medication,10,IsControlledSubstance,bit,1,1,0,0
Clinical,Medication,11,IsActive,bit,1,1,0,0
Clinical,Medication,12,CreatedDateUTC,datetime2,7,23,3,0
Clinical,Medication,13,ModifiedDateUTC,datetime2,7,23,3,0
Clinical,MedicationOrder,1,MedicationOrderID,int,4,10,0,0
Clinical,MedicationOrder,2,PatientID,int,4,10,0,0
Clinical,MedicationOrder,3,EncounterID,int,4,10,0,1
Clinical,MedicationOrder,4,ProviderID,int,4,10,0,1
Clinical,MedicationOrder,5,MedicationID,int,4,10,0,0
Clinical,MedicationOrder,6,OrderDateTimeUTC,datetime2,7,23,3,0
Clinical,MedicationOrder,7,StartDate,date,3,10,0,1
Clinical,MedicationOrder,8,EndDate,date,3,10,0,1
Clinical,MedicationOrder,9,Dose,decimal,9,10,3,1
Clinical,MedicationOrder,10,DoseUnit,varchar,20,0,0,1
Clinical,MedicationOrder,11,Route,varchar,30,0,0,1
Clinical,MedicationOrder,12,Frequency,varchar,50,0,0,1
Clinical,MedicationOrder,13,Quantity,decimal,9,10,2,1
Clinical,MedicationOrder,14,Refills,int,4,10,0,1
Clinical,MedicationOrder,15,OrderStatus,varchar,20,0,0,0
Clinical,MedicationOrder,16,Instructions,nvarchar,1000,0,0,1
Clinical,MedicationOrder,17,CreatedDateUTC,datetime2,7,23,3,0
Clinical,MedicationOrder,18,ModifiedDateUTC,datetime2,7,23,3,0
Clinical,Patient,1,PatientID,int,4,10,0,0
Clinical,Patient,2,MedicalRecordNumber,varchar,20,0,0,0
Clinical,Patient,3,FirstName,nvarchar,200,0,0,0
Clinical,Patient,4,MiddleName,nvarchar,200,0,0,1
Clinical,Patient,5,LastName,nvarchar,200,0,0,0
Clinical,Patient,6,PreferredName,nvarchar,200,0,0,1
Clinical,Patient,7,DateOfBirth,date,3,10,0,0
Clinical,Patient,8,Gender,char,1,0,0,1
Clinical,Patient,9,MaritalStatus,varchar,20,0,0,1
Clinical,Patient,10,Email,nvarchar,300,0,0,1
Clinical,Patient,11,PhoneNumber,varchar,25,0,0,1
Clinical,Patient,12,PreferredLanguage,nvarchar,100,0,0,1
Clinical,Patient,13,BloodType,varchar,3,0,0,1
Clinical,Patient,14,DeceasedDate,date,3,10,0,1
Clinical,Patient,15,IsActive,bit,1,1,0,0
Clinical,Patient,16,CreatedDateUTC,datetime2,7,23,3,0
Clinical,Patient,17,ModifiedDateUTC,datetime2,7,23,3,0
Clinical,PatientAddress,1,PatientAddressID,int,4,10,0,0
Clinical,PatientAddress,2,PatientID,int,4,10,0,0
Clinical,PatientAddress,3,AddressType,varchar,20,0,0,0
Clinical,PatientAddress,4,AddressLine1,nvarchar,400,0,0,0
Clinical,PatientAddress,5,AddressLine2,nvarchar,400,0,0,1
Clinical,PatientAddress,6,City,nvarchar,200,0,0,0
Clinical,PatientAddress,7,StateProvince,nvarchar,200,0,0,0
Clinical,PatientAddress,8,PostalCode,varchar,20,0,0,0
Clinical,PatientAddress,9,Country,nvarchar,200,0,0,0
Clinical,PatientAddress,10,Latitude,decimal,5,9,6,1
Clinical,PatientAddress,11,Longitude,decimal,5,9,6,1
Clinical,PatientAddress,12,EffectiveStartDate,date,3,10,0,0
Clinical,PatientAddress,13,EffectiveEndDate,date,3,10,0,1
Clinical,PatientAddress,14,IsPrimary,bit,1,1,0,0
Clinical,PatientAddress,15,IsActive,bit,1,1,0,0
Clinical,PatientAddress,16,CreatedDateUTC,datetime2,7,23,3,0
Clinical,PatientAddress,17,ModifiedDateUTC,datetime2,7,23,3,0
Clinical,Procedure,1,ProcedureID,int,4,10,0,0
Clinical,Procedure,2,EncounterID,int,4,10,0,0
Clinical,Procedure,3,PatientID,int,4,10,0,0
Clinical,Procedure,4,ProviderID,int,4,10,0,1
Clinical,Procedure,5,ProcedureCode,varchar,20,0,0,0
Clinical,Procedure,6,ProcedureCodeSystem,varchar,20,0,0,0
Clinical,Procedure,7,ProcedureDescription,nvarchar,1000,0,0,1
Clinical,Procedure,8,ProcedureDateTimeUTC,datetime2,7,23,3,1
Clinical,Procedure,9,ProcedureStatus,varchar,20,0,0,0
Clinical,Procedure,10,Quantity,int,4,10,0,0
Clinical,Procedure,11,CreatedDateUTC,datetime2,7,23,3,0
Clinical,Procedure,12,ModifiedDateUTC,datetime2,7,23,3,0
Clinical,Vitals,1,VitalID,int,4,10,0,0
Clinical,Vitals,2,PatientID,int,4,10,0,0
Clinical,Vitals,3,EncounterID,int,4,10,0,1
Clinical,Vitals,4,RecordedByProviderID,int,4,10,0,1
Clinical,Vitals,5,RecordedDateTimeUTC,datetime2,7,23,3,0
Clinical,Vitals,6,HeightCM,decimal,5,5,2,1
Clinical,Vitals,7,WeightKG,decimal,5,6,2,1
Clinical,Vitals,8,TemperatureCelsius,decimal,5,4,1,1
Clinical,Vitals,9,HeartRateBPM,int,4,10,0,1
Clinical,Vitals,10,RespiratoryRate,int,4,10,0,1
Clinical,Vitals,11,SystolicBloodPressure,int,4,10,0,1
Clinical,Vitals,12,DiastolicBloodPressure,int,4,10,0,1
Clinical,Vitals,13,OxygenSaturationPercent,decimal,5,5,2,1
Clinical,Vitals,14,BloodGlucoseMgDL,decimal,5,6,2,1
Clinical,Vitals,15,PainScore,tinyint,1,3,0,1
Clinical,Vitals,16,CreatedDateUTC,datetime2,7,23,3,0
Clinical,Vitals,17,ModifiedDateUTC,datetime2,7,23,3,0
Hospital,Department,1,DepartmentID,int,4,10,0,0
Hospital,Department,2,HospitalID,int,4,10,0,0
Hospital,Department,3,LocationID,int,4,10,0,1
Hospital,Department,4,DepartmentCode,varchar,20,0,0,0
Hospital,Department,5,DepartmentName,nvarchar,300,0,0,0
Hospital,Department,6,DepartmentType,varchar,30,0,0,0
Hospital,Department,7,CostCenterCode,varchar,30,0,0,1
Hospital,Department,8,FloorNumber,nvarchar,40,0,0,1
Hospital,Department,9,PhoneExtension,varchar,10,0,0,1
Hospital,Department,10,OpensAt,time,3,8,0,1
Hospital,Department,11,ClosesAt,time,3,8,0,1
Hospital,Department,12,Description,nvarchar,1000,0,0,1
Hospital,Department,13,IsActive,bit,1,1,0,0
Hospital,Department,14,CreatedDateUTC,datetime2,7,23,3,0
Hospital,Department,15,ModifiedDateUTC,datetime2,7,23,3,0
Hospital,Hospital,1,HospitalID,int,4,10,0,0
Hospital,Hospital,2,HospitalCode,varchar,20,0,0,0
Hospital,Hospital,3,HospitalName,nvarchar,300,0,0,0
Hospital,Hospital,4,LegalName,nvarchar,400,0,0,1
Hospital,Hospital,5,TaxID,varchar,20,0,0,1
Hospital,Hospital,6,HospitalType,varchar,30,0,0,0
Hospital,Hospital,7,TraumaLevel,varchar,20,0,0,1
Hospital,Hospital,8,NumberOfBeds,int,4,10,0,1
Hospital,Hospital,9,IsTeachingHospital,bit,1,1,0,0
Hospital,Hospital,10,HasEmergencyDepartment,bit,1,1,0,0
Hospital,Hospital,11,TimeZoneName,varchar,100,0,0,0
Hospital,Hospital,12,PhoneNumber,varchar,25,0,0,1
Hospital,Hospital,13,Email,nvarchar,300,0,0,1
Hospital,Hospital,14,Website,nvarchar,500,0,0,1
Hospital,Hospital,15,OpenedDate,date,3,10,0,1
Hospital,Hospital,16,IsActive,bit,1,1,0,0
Hospital,Hospital,17,CreatedDateUTC,datetime2,7,23,3,0
Hospital,Hospital,18,ModifiedDateUTC,datetime2,7,23,3,0
Hospital,Location,1,LocationID,int,4,10,0,0
Hospital,Location,2,HospitalID,int,4,10,0,0
Hospital,Location,3,LocationCode,varchar,20,0,0,0
Hospital,Location,4,LocationName,nvarchar,300,0,0,0
Hospital,Location,5,LocationType,varchar,30,0,0,0
Hospital,Location,6,AddressLine1,nvarchar,400,0,0,0
Hospital,Location,7,AddressLine2,nvarchar,400,0,0,1
Hospital,Location,8,City,nvarchar,200,0,0,0
Hospital,Location,9,StateProvince,nvarchar,200,0,0,0
Hospital,Location,10,PostalCode,varchar,20,0,0,0
Hospital,Location,11,Country,nvarchar,200,0,0,0
Hospital,Location,12,Latitude,decimal,5,9,6,1
Hospital,Location,13,Longitude,decimal,5,9,6,1
Hospital,Location,14,PhoneNumber,varchar,25,0,0,1
Hospital,Location,15,IsPrimary,bit,1,1,0,0
Hospital,Location,16,IsActive,bit,1,1,0,0
Hospital,Location,17,CreatedDateUTC,datetime2,7,23,3,0
Hospital,Location,18,ModifiedDateUTC,datetime2,7,23,3,0
Hospital,Provider,1,ProviderID,int,4,10,0,0
Hospital,Provider,2,HospitalID,int,4,10,0,0
Hospital,Provider,3,DepartmentID,int,4,10,0,1
Hospital,Provider,4,ProviderCode,varchar,20,0,0,0
Hospital,Provider,5,NPINumber,varchar,10,0,0,1
Hospital,Provider,6,FirstName,nvarchar,200,0,0,0
Hospital,Provider,7,MiddleName,nvarchar,200,0,0,1
Hospital,Provider,8,LastName,nvarchar,200,0,0,0
Hospital,Provider,9,PreferredName,nvarchar,200,0,0,1
Hospital,Provider,10,Title,nvarchar,100,0,0,1
Hospital,Provider,11,Gender,char,1,0,0,1
Hospital,Provider,12,ProviderType,varchar,30,0,0,0
Hospital,Provider,13,EmploymentStatus,varchar,30,0,0,0
Hospital,Provider,14,MedicalLicenseNumber,varchar,50,0,0,1
Hospital,Provider,15,LicenseState,varchar,50,0,0,1
Hospital,Provider,16,LicenseExpirationDate,date,3,10,0,1
Hospital,Provider,17,DEANumber,varchar,20,0,0,1
Hospital,Provider,18,BoardCertified,bit,1,1,0,0
Hospital,Provider,19,YearsExperience,smallint,2,5,0,1
Hospital,Provider,20,Email,nvarchar,300,0,0,1
Hospital,Provider,21,PhoneNumber,varchar,25,0,0,1
Hospital,Provider,22,HireDate,date,3,10,0,1
Hospital,Provider,23,TerminationDate,date,3,10,0,1
Hospital,Provider,24,IsActive,bit,1,1,0,0
Hospital,Provider,25,CreatedDateUTC,datetime2,7,23,3,0
Hospital,Provider,26,ModifiedDateUTC,datetime2,7,23,3,0
Hospital,ProviderSpecialty,1,ProviderSpecialtyID,int,4,10,0,0
Hospital,ProviderSpecialty,2,ProviderID,int,4,10,0,0
Hospital,ProviderSpecialty,3,SpecialtyID,int,4,10,0,0
Hospital,ProviderSpecialty,4,IsPrimary,bit,1,1,0,0
Hospital,ProviderSpecialty,5,CertificationDate,date,3,10,0,1
Hospital,ProviderSpecialty,6,CertificationExpiryDate,date,3,10,0,1
Hospital,ProviderSpecialty,7,IsActive,bit,1,1,0,0
Hospital,ProviderSpecialty,8,CreatedDateUTC,datetime2,7,23,3,0
Hospital,ProviderSpecialty,9,ModifiedDateUTC,datetime2,7,23,3,0
Hospital,Specialty,1,SpecialtyID,int,4,10,0,0
Hospital,Specialty,2,SpecialtyCode,varchar,20,0,0,0
Hospital,Specialty,3,SpecialtyName,nvarchar,300,0,0,0
Hospital,Specialty,4,Description,nvarchar,1000,0,0,1
Hospital,Specialty,5,IsActive,bit,1,1,0,0
Hospital,Specialty,6,CreatedDateUTC,datetime2,7,23,3,0
Hospital,Specialty,7,ModifiedDateUTC,datetime2,7,23,3,0
Insurance,Claim,1,ClaimID,int,4,10,0,0
Insurance,Claim,2,ClaimNumber,varchar,40,0,0,0
Insurance,Claim,3,PatientID,int,4,10,0,0
Insurance,Claim,4,PatientCoverageID,int,4,10,0,0
Insurance,Claim,5,EncounterID,int,4,10,0,1
Insurance,Claim,6,ProviderID,int,4,10,0,1
Insurance,Claim,7,HospitalID,int,4,10,0,0
Insurance,Claim,8,ClaimType,varchar,20,0,0,0
Insurance,Claim,9,ServiceStartDate,date,3,10,0,0
Insurance,Claim,10,ServiceEndDate,date,3,10,0,1
Insurance,Claim,11,SubmissionDateTimeUTC,datetime2,7,23,3,1
Insurance,Claim,12,AdjudicationDateTimeUTC,datetime2,7,23,3,1
Insurance,Claim,13,ClaimStatus,varchar,20,0,0,0
Insurance,Claim,14,OriginalClaimID,int,4,10,0,1
Insurance,Claim,15,CreatedDateUTC,datetime2,7,23,3,0
Insurance,Claim,16,ModifiedDateUTC,datetime2,7,23,3,0
Insurance,ClaimLine,1,ClaimLineID,int,4,10,0,0
Insurance,ClaimLine,2,ClaimID,int,4,10,0,0
Insurance,ClaimLine,3,LineNumber,int,4,10,0,0
Insurance,ClaimLine,4,ProcedureCode,varchar,20,0,0,1
Insurance,ClaimLine,5,RevenueCode,varchar,20,0,0,1
Insurance,ClaimLine,6,DiagnosisPointer,varchar,20,0,0,1
Insurance,ClaimLine,7,ServiceDate,date,3,10,0,1
Insurance,ClaimLine,8,Units,decimal,9,12,3,0
Insurance,ClaimLine,9,ChargeAmount,decimal,9,18,2,0
Insurance,ClaimLine,10,AllowedAmount,decimal,9,18,2,1
Insurance,ClaimLine,11,PaidAmount,decimal,9,18,2,1
Insurance,ClaimLine,12,PatientResponsibilityAmount,decimal,9,18,2,1
Insurance,ClaimLine,13,AdjustmentAmount,decimal,9,18,2,1
Insurance,ClaimLine,14,LineStatus,varchar,20,0,0,0
Insurance,ClaimLine,15,DenialReasonCode,varchar,20,0,0,1
Insurance,ClaimLine,16,CreatedDateUTC,datetime2,7,23,3,0
Insurance,ClaimLine,17,ModifiedDateUTC,datetime2,7,23,3,0
Insurance,ClaimStatusHistory,1,ClaimStatusHistoryID,int,4,10,0,0
Insurance,ClaimStatusHistory,2,ClaimID,int,4,10,0,0
Insurance,ClaimStatusHistory,3,StatusSequenceNumber,int,4,10,0,0
Insurance,ClaimStatusHistory,4,ClaimStatus,varchar,20,0,0,0
Insurance,ClaimStatusHistory,5,StatusDateTimeUTC,datetime2,7,23,3,0
Insurance,ClaimStatusHistory,6,StatusReason,nvarchar,1000,0,0,1
Insurance,ClaimStatusHistory,7,SourceSystem,nvarchar,200,0,0,1
Insurance,ClaimStatusHistory,8,CreatedDateUTC,datetime2,7,23,3,0
Insurance,InsurancePlan,1,InsurancePlanID,int,4,10,0,0
Insurance,InsurancePlan,2,PayerID,int,4,10,0,0
Insurance,InsurancePlan,3,PlanCode,varchar,30,0,0,0
Insurance,InsurancePlan,4,PlanName,nvarchar,400,0,0,0
Insurance,InsurancePlan,5,PlanType,varchar,30,0,0,0
Insurance,InsurancePlan,6,NetworkType,varchar,30,0,0,0
Insurance,InsurancePlan,7,EffectiveStartDate,date,3,10,0,0
Insurance,InsurancePlan,8,EffectiveEndDate,date,3,10,0,1
Insurance,InsurancePlan,9,IsActive,bit,1,1,0,0
Insurance,InsurancePlan,10,CreatedDateUTC,datetime2,7,23,3,0
Insurance,InsurancePlan,11,ModifiedDateUTC,datetime2,7,23,3,0
Insurance,PatientCoverage,1,PatientCoverageID,int,4,10,0,0
Insurance,PatientCoverage,2,PatientID,int,4,10,0,0
Insurance,PatientCoverage,3,InsurancePlanID,int,4,10,0,0
Insurance,PatientCoverage,4,MemberNumber,varchar,50,0,0,0
Insurance,PatientCoverage,5,GroupNumber,varchar,50,0,0,1
Insurance,PatientCoverage,6,SubscriberPatientID,int,4,10,0,1
Insurance,PatientCoverage,7,RelationshipToSubscriber,varchar,20,0,0,0
Insurance,PatientCoverage,8,CoveragePriority,varchar,15,0,0,0
Insurance,PatientCoverage,9,EffectiveStartDate,date,3,10,0,0
Insurance,PatientCoverage,10,EffectiveEndDate,date,3,10,0,1
Insurance,PatientCoverage,11,CoverageStatus,varchar,15,0,0,0
Insurance,PatientCoverage,12,IsActive,bit,1,1,0,0
Insurance,PatientCoverage,13,CreatedDateUTC,datetime2,7,23,3,0
Insurance,PatientCoverage,14,ModifiedDateUTC,datetime2,7,23,3,0
Insurance,Payer,1,PayerID,int,4,10,0,0
Insurance,Payer,2,PayerCode,varchar,20,0,0,0
Insurance,Payer,3,PayerName,nvarchar,400,0,0,0
Insurance,Payer,4,PayerType,varchar,20,0,0,0
Insurance,Payer,5,TaxIdentifier,varchar,20,0,0,1
Insurance,Payer,6,PhoneNumber,varchar,25,0,0,1
Insurance,Payer,7,WebsiteURL,nvarchar,500,0,0,1
Insurance,Payer,8,IsGovernmentPayer,bit,1,1,0,0
Insurance,Payer,9,IsActive,bit,1,1,0,0
Insurance,Payer,10,CreatedDateUTC,datetime2,7,23,3,0
Insurance,Payer,11,ModifiedDateUTC,datetime2,7,23,3,0
Insurance,PriorAuthorization,1,PriorAuthorizationID,int,4,10,0,0
Insurance,PriorAuthorization,2,AuthorizationNumber,varchar,50,0,0,1
Insurance,PriorAuthorization,3,PatientID,int,4,10,0,0
Insurance,PriorAuthorization,4,InsurancePlanID,int,4,10,0,0
Insurance,PriorAuthorization,5,EncounterID,int,4,10,0,1
Insurance,PriorAuthorization,6,ProviderID,int,4,10,0,1
Insurance,PriorAuthorization,7,DiagnosisCode,varchar,20,0,0,1
Insurance,PriorAuthorization,8,ProcedureCode,varchar,20,0,0,1
Insurance,PriorAuthorization,9,RequestedDateTimeUTC,datetime2,7,23,3,0
Insurance,PriorAuthorization,10,DecisionDateTimeUTC,datetime2,7,23,3,1
Insurance,PriorAuthorization,11,AuthorizationStatus,varchar,20,0,0,0
Insurance,PriorAuthorization,12,ApprovedStartDate,date,3,10,0,1
Insurance,PriorAuthorization,13,ApprovedEndDate,date,3,10,0,1
Insurance,PriorAuthorization,14,AuthorizedUnits,int,4,10,0,1
Insurance,PriorAuthorization,15,DenialReason,nvarchar,1000,0,0,1
Insurance,PriorAuthorization,16,Notes,nvarchar,2000,0,0,1
Insurance,PriorAuthorization,17,CreatedDateUTC,datetime2,7,23,3,0
Insurance,PriorAuthorization,18,ModifiedDateUTC,datetime2,7,23,3,0
Marketing,AudienceSegment,1,AudienceSegmentID,int,4,10,0,0
Marketing,AudienceSegment,2,SegmentCode,varchar,30,0,0,0
Marketing,AudienceSegment,3,SegmentName,nvarchar,300,0,0,0
Marketing,AudienceSegment,4,SegmentDescription,nvarchar,1000,0,0,1
Marketing,AudienceSegment,5,SegmentType,varchar,30,0,0,0
Marketing,AudienceSegment,6,DefinitionJSON,nvarchar,-1,0,0,1
Marketing,AudienceSegment,7,RefreshFrequency,varchar,20,0,0,1
Marketing,AudienceSegment,8,LastRefreshedDateTimeUTC,datetime2,7,23,3,1
Marketing,AudienceSegment,9,EstimatedMemberCount,int,4,10,0,1
Marketing,AudienceSegment,10,IsActive,bit,1,1,0,0
Marketing,AudienceSegment,11,CreatedDateUTC,datetime2,7,23,3,0
Marketing,AudienceSegment,12,ModifiedDateUTC,datetime2,7,23,3,0
Marketing,Campaign,1,CampaignID,int,4,10,0,0
Marketing,Campaign,2,CampaignCode,varchar,30,0,0,0
Marketing,Campaign,3,CampaignName,nvarchar,400,0,0,0
Marketing,Campaign,4,CampaignType,varchar,30,0,0,0
Marketing,Campaign,5,CampaignObjective,varchar,30,0,0,0
Marketing,Campaign,6,StartDate,date,3,10,0,0
Marketing,Campaign,7,EndDate,date,3,10,0,1
Marketing,Campaign,8,BudgetAmount,decimal,9,18,2,1
Marketing,Campaign,9,TargetAudienceDescription,nvarchar,1000,0,0,1
Marketing,Campaign,10,CampaignStatus,varchar,20,0,0,0
Marketing,Campaign,11,HospitalID,int,4,10,0,1
Marketing,Campaign,12,OwnerProviderID,int,4,10,0,1
Marketing,Campaign,13,IsActive,bit,1,1,0,0
Marketing,Campaign,14,CreatedDateUTC,datetime2,7,23,3,0
Marketing,Campaign,15,ModifiedDateUTC,datetime2,7,23,3,0
Marketing,CampaignAudience,1,CampaignAudienceID,int,4,10,0,0
Marketing,CampaignAudience,2,CampaignID,int,4,10,0,0
Marketing,CampaignAudience,3,AudienceSegmentID,int,4,10,0,0
Marketing,CampaignAudience,4,AudienceRole,varchar,20,0,0,0
Marketing,CampaignAudience,5,PriorityRank,int,4,10,0,1
Marketing,CampaignAudience,6,ExpectedReach,int,4,10,0,1
Marketing,CampaignAudience,7,CreatedDateUTC,datetime2,7,23,3,0
Marketing,CampaignChannel,1,CampaignChannelID,int,4,10,0,0
Marketing,CampaignChannel,2,CampaignID,int,4,10,0,0
Marketing,CampaignChannel,3,ChannelType,varchar,20,0,0,0
Marketing,CampaignChannel,4,ChannelName,nvarchar,200,0,0,1
Marketing,CampaignChannel,5,PlannedSpendAmount,decimal,9,18,2,1
Marketing,CampaignChannel,6,ActualSpendAmount,decimal,9,18,2,1
Marketing,CampaignChannel,7,DestinationURL,nvarchar,1000,0,0,1
Marketing,CampaignChannel,8,TrackingCode,varchar,100,0,0,1
Marketing,CampaignChannel,9,IsActive,bit,1,1,0,0
Marketing,CampaignChannel,10,CreatedDateUTC,datetime2,7,23,3,0
Marketing,CampaignChannel,11,ModifiedDateUTC,datetime2,7,23,3,0
Marketing,CampaignInteraction,1,CampaignInteractionID,int,4,10,0,0
Marketing,CampaignInteraction,2,CampaignID,int,4,10,0,0
Marketing,CampaignInteraction,3,CampaignChannelID,int,4,10,0,0
Marketing,CampaignInteraction,4,PatientID,int,4,10,0,0
Marketing,CampaignInteraction,5,EncounterID,int,4,10,0,1
Marketing,CampaignInteraction,6,InteractionType,varchar,30,0,0,0
Marketing,CampaignInteraction,7,InteractionDateTimeUTC,datetime2,7,23,3,0
Marketing,CampaignInteraction,8,InteractionStatus,varchar,20,0,0,0
Marketing,CampaignInteraction,9,ExternalMessageID,varchar,100,0,0,1
Marketing,CampaignInteraction,10,SourceSystem,varchar,50,0,0,1
Marketing,CampaignInteraction,11,DeviceType,varchar,30,0,0,1
Marketing,CampaignInteraction,12,DestinationURL,nvarchar,1000,0,0,1
Marketing,CampaignInteraction,13,ResponseCode,varchar,30,0,0,1
Marketing,CampaignInteraction,14,ResponseText,nvarchar,2000,0,0,1
Marketing,CampaignInteraction,15,CreatedDateUTC,datetime2,7,23,3,0
Marketing,PatientAcquisition,1,PatientAcquisitionID,int,4,10,0,0
Marketing,PatientAcquisition,2,PatientID,int,4,10,0,0
Marketing,PatientAcquisition,3,ReferralSourceID,int,4,10,0,0
Marketing,PatientAcquisition,4,CampaignID,int,4,10,0,1
Marketing,PatientAcquisition,5,CampaignInteractionID,int,4,10,0,1
Marketing,PatientAcquisition,6,FirstEncounterID,int,4,10,0,1
Marketing,PatientAcquisition,7,AcquisitionDate,date,3,10,0,0
Marketing,PatientAcquisition,8,AcquisitionChannel,varchar,30,0,0,0
Marketing,PatientAcquisition,9,AttributionModel,varchar,30,0,0,0
Marketing,PatientAcquisition,10,AcquisitionStatus,varchar,20,0,0,0
Marketing,PatientAcquisition,11,AcquisitionCost,decimal,9,18,2,1
Marketing,PatientAcquisition,12,ExternalLeadID,varchar,100,0,0,1
Marketing,PatientAcquisition,13,CreatedDateUTC,datetime2,7,23,3,0
Marketing,PatientAcquisition,14,ModifiedDateUTC,datetime2,7,23,3,0
Marketing,PatientCommunicationPreference,1,PatientCommunicationPreferenceID,int,4,10,0,0
Marketing,PatientCommunicationPreference,2,PatientID,int,4,10,0,0
Marketing,PatientCommunicationPreference,3,ChannelType,varchar,20,0,0,0
Marketing,PatientCommunicationPreference,4,ConsentStatus,varchar,20,0,0,0
Marketing,PatientCommunicationPreference,5,ConsentSource,varchar,30,0,0,1
Marketing,PatientCommunicationPreference,6,ConsentDateTimeUTC,datetime2,7,23,3,1
Marketing,PatientCommunicationPreference,7,RevokedDateTimeUTC,datetime2,7,23,3,1
Marketing,PatientCommunicationPreference,8,PreferredContactTime,varchar,20,0,0,1
Marketing,PatientCommunicationPreference,9,DoNotContactReason,nvarchar,600,0,0,1
Marketing,PatientCommunicationPreference,10,IsActive,bit,1,1,0,0
Marketing,PatientCommunicationPreference,11,CreatedDateUTC,datetime2,7,23,3,0
Marketing,PatientCommunicationPreference,12,ModifiedDateUTC,datetime2,7,23,3,0
Marketing,ReferralSource,1,ReferralSourceID,int,4,10,0,0
Marketing,ReferralSource,2,ReferralSourceCode,varchar,30,0,0,0
Marketing,ReferralSource,3,ReferralSourceName,nvarchar,400,0,0,0
Marketing,ReferralSource,4,ReferralSourceType,varchar,30,0,0,0
Marketing,ReferralSource,5,ReferringProviderID,int,4,10,0,1
Marketing,ReferralSource,6,ReferringHospitalID,int,4,10,0,1
Marketing,ReferralSource,7,OrganizationName,nvarchar,400,0,0,1
Marketing,ReferralSource,8,ContactName,nvarchar,300,0,0,1
Marketing,ReferralSource,9,PhoneNumber,varchar,25,0,0,1
Marketing,ReferralSource,10,Email,nvarchar,300,0,0,1
Marketing,ReferralSource,11,IsActive,bit,1,1,0,0
Marketing,ReferralSource,12,CreatedDateUTC,datetime2,7,23,3,0
Marketing,ReferralSource,13,ModifiedDateUTC,datetime2,7,23,3,0
Telehealth,Device,1,DeviceID,int,4,10,0,0
Telehealth,Device,2,PatientID,int,4,10,0,0
Telehealth,Device,3,DeviceIdentifier,varchar,100,0,0,0
Telehealth,Device,4,DeviceType,varchar,30,0,0,0
Telehealth,Device,5,Manufacturer,nvarchar,300,0,0,1
Telehealth,Device,6,ModelNumber,nvarchar,200,0,0,1
Telehealth,Device,7,SerialNumber,varchar,100,0,0,1
Telehealth,Device,8,FirmwareVersion,nvarchar,100,0,0,1
Telehealth,Device,9,AssignedDate,date,3,10,0,1
Telehealth,Device,10,ActivatedDate,date,3,10,0,1
Telehealth,Device,11,DeactivatedDate,date,3,10,0,1
Telehealth,Device,12,DeviceStatus,varchar,20,0,0,0
Telehealth,Device,13,IsActive,bit,1,1,0,0
Telehealth,Device,14,CreatedDateUTC,datetime2,7,23,3,0
Telehealth,Device,15,ModifiedDateUTC,datetime2,7,23,3,0
Telehealth,DeviceReading,1,DeviceReadingID,int,4,10,0,0
Telehealth,DeviceReading,2,DeviceID,int,4,10,0,0
Telehealth,DeviceReading,3,PatientID,int,4,10,0,0
Telehealth,DeviceReading,4,EncounterID,int,4,10,0,1
Telehealth,DeviceReading,5,ReadingDateTimeUTC,datetime2,7,23,3,0
Telehealth,DeviceReading,6,ReadingType,varchar,30,0,0,0
Telehealth,DeviceReading,7,NumericValue,decimal,9,12,3,1
Telehealth,DeviceReading,8,UnitOfMeasure,varchar,20,0,0,1
Telehealth,DeviceReading,9,SecondaryNumericValue,decimal,9,12,3,1
Telehealth,DeviceReading,10,SecondaryUnitOfMeasure,varchar,20,0,0,1
Telehealth,DeviceReading,11,TextValue,nvarchar,1000,0,0,1
Telehealth,DeviceReading,12,IsAbnormal,bit,1,1,0,0
Telehealth,DeviceReading,13,DataSource,varchar,20,0,0,1
Telehealth,DeviceReading,14,ReceivedDateTimeUTC,datetime2,7,23,3,0
Telehealth,DeviceReading,15,CreatedDateUTC,datetime2,7,23,3,0
Telehealth,SessionEvent,1,SessionEventID,int,4,10,0,0
Telehealth,SessionEvent,2,VirtualVisitID,int,4,10,0,0
Telehealth,SessionEvent,3,EventSequenceNumber,int,4,10,0,0
Telehealth,SessionEvent,4,EventType,varchar,30,0,0,0
Telehealth,SessionEvent,5,EventDateTimeUTC,datetime2,7,23,3,0
Telehealth,SessionEvent,6,ParticipantType,varchar,20,0,0,1
Telehealth,SessionEvent,7,ParticipantID,int,4,10,0,1
Telehealth,SessionEvent,8,EventDescription,nvarchar,1000,0,0,1
Telehealth,SessionEvent,9,TechnicalErrorCode,varchar,50,0,0,1
Telehealth,SessionEvent,10,TechnicalErrorMessage,nvarchar,2000,0,0,1
Telehealth,SessionEvent,11,CreatedDateUTC,datetime2,7,23,3,0
Telehealth,VirtualVisit,1,VirtualVisitID,int,4,10,0,0
Telehealth,VirtualVisit,2,EncounterID,int,4,10,0,0
Telehealth,VirtualVisit,3,PatientID,int,4,10,0,0
Telehealth,VirtualVisit,4,ProviderID,int,4,10,0,0
Telehealth,VirtualVisit,5,HospitalID,int,4,10,0,0
Telehealth,VirtualVisit,6,DepartmentID,int,4,10,0,0
Telehealth,VirtualVisit,7,VisitNumber,varchar,30,0,0,0
Telehealth,VirtualVisit,8,ScheduledStartDateTimeUTC,datetime2,7,23,3,0
Telehealth,VirtualVisit,9,ScheduledEndDateTimeUTC,datetime2,7,23,3,1
Telehealth,VirtualVisit,10,ActualStartDateTimeUTC,datetime2,7,23,3,1
Telehealth,VirtualVisit,11,ActualEndDateTimeUTC,datetime2,7,23,3,1
Telehealth,VirtualVisit,12,VisitStatus,varchar,20,0,0,0
Telehealth,VirtualVisit,13,VisitType,varchar,30,0,0,0
Telehealth,VirtualVisit,14,PlatformName,nvarchar,200,0,0,1
Telehealth,VirtualVisit,15,MeetingIdentifier,nvarchar,400,0,0,1
Telehealth,VirtualVisit,16,PatientDeviceType,varchar,30,0,0,1
Telehealth,VirtualVisit,17,PatientConnectionMethod,varchar,30,0,0,1
Telehealth,VirtualVisit,18,PatientJoinedDateTimeUTC,datetime2,7,23,3,1
Telehealth,VirtualVisit,19,ProviderJoinedDateTimeUTC,datetime2,7,23,3,1
Telehealth,VirtualVisit,20,DisconnectReason,nvarchar,400,0,0,1
Telehealth,VirtualVisit,21,CancellationReason,nvarchar,400,0,0,1
Telehealth,VirtualVisit,22,IsInterpreterRequired,bit,1,1,0,0
Telehealth,VirtualVisit,23,InterpreterLanguage,nvarchar,100,0,0,1
Telehealth,VirtualVisit,24,CreatedDateUTC,datetime2,7,23,3,0
Telehealth,VirtualVisit,25,ModifiedDateUTC,datetime2,7,23,3,0
Telehealth,WaitlistQueue,1,WaitlistQueueID,int,4,10,0,0
Telehealth,WaitlistQueue,2,VirtualVisitID,int,4,10,0,0
Telehealth,WaitlistQueue,3,PatientID,int,4,10,0,0
Telehealth,WaitlistQueue,4,ProviderID,int,4,10,0,1
Telehealth,WaitlistQueue,5,DepartmentID,int,4,10,0,0
Telehealth,WaitlistQueue,6,QueueEnteredDateTimeUTC,datetime2,7,23,3,0
Telehealth,WaitlistQueue,7,QueueCalledDateTimeUTC,datetime2,7,23,3,1
Telehealth,WaitlistQueue,8,QueueExitedDateTimeUTC,datetime2,7,23,3,1
Telehealth,WaitlistQueue,9,QueueStatus,varchar,20,0,0,0
Telehealth,WaitlistQueue,10,PriorityLevel,varchar,10,0,0,0
Telehealth,WaitlistQueue,11,ExitReason,nvarchar,400,0,0,1
Telehealth,WaitlistQueue,12,CreatedDateUTC,datetime2,7,23,3,0
Telehealth,WaitlistQueue,13,ModifiedDateUTC,datetime2,7,23,3,0
